GEOID,within_dfo,within_aer,sel_sa_tracts
48201542301,1,1,1
48201552601,1,1,1
48157673800,1,1,1
48157674000,1,1,1
48157674100,1,1,1
48157674200,1,1,1
48167720502,1,1,1
48167720501,1,1,1
48167721202,1,1,1
48167722002,1,1,1
48167720301,1,1,1
48167720503,1,1,1
48201323701,1,1,1
48201240702,1,1,1
48201240501,1,1,1
48201240701,1,1,1
48201240901,1,1,1
48157675500,1,1,1
48157674400,1,1,1
48157671400,1,1,1
48157675400,1,1,1
48201241103,1,1,1
48201450802,1,1,1
48201450801,1,1,1
48201451002,1,1,1
48201454302,1,1,1
48201451902,1,1,1
48201453602,1,1,1
48201453403,1,1,1
48201453601,1,1,1
48201453501,1,1,1
48201453502,1,1,1
48245000309,1,1,1
48245011700,1,1,1
48245011800,1,1,1
48201553401,1,1,1
48201553402,1,1,1
48201553801,1,1,1
48201554903,1,1,1
48157674300,1,1,1
48157674700,1,1,1
48157674800,1,1,1
48157674900,1,1,1
48157675000,1,1,1
48157675200,1,1,1
48187210712,1,NA,NA
48187210710,1,NA,NA
48187210707,1,NA,NA
48187210709,1,NA,NA
48187210711,1,NA,NA
48167721201,1,1,1
48167722001,1,1,1
48167726200,1,1,1
48187210708,1,NA,NA
48201550301,1,1,1
48201550302,1,1,1
48157675800,1,1,1
48157670800,1,1,1
48157675700,1,1,1
48157673200,1,1,1
48157673400,1,1,1
48157673300,1,1,1
48201550401,1,1,1
48201553403,1,1,1
48201454502,1,1,1
48201541601,1,1,1
48201541602,1,1,1
48373210102,1,1,1
48373210101,1,1,1
48373210500,1,1,1
48373210400,1,NA,NA
48157670400,1,1,1
48157670300,1,1,1
48157670200,1,1,1
48157670700,1,1,1
48201455102,1,1,1
48201511302,1,1,1
48201520601,1,1,1
48201554001,1,1,1
48201554901,1,1,1
48201212300,1,1,1
48201212400,1,1,1
48157675300,1,1,1
48157675600,1,1,1
48157673700,1,1,1
48157675100,1,1,1
48201250701,1,1,1
48201250702,1,1,1
48201251503,1,1,1
48201251402,1,1,1
48201251902,1,1,1
48201314002,1,1,1
48201511002,1,1,1
48201511001,1,1,1
48201522302,1,1,1
48201522202,1,1,1
48201522301,1,1,1
48201522201,1,1,1
48201532002,1,1,1
48201532001,1,1,1
48201532502,1,1,1
48201543200,1,1,1
48201522500,1,1,1
48355005414,1,1,1
48355003203,1,1,1
48355005404,1,1,1
48355003700,1,1,1
48355001903,1,1,1
48201314001,1,1,1
48201413202,1,1,1
48201320602,1,1,1
48201333202,1,1,1
48201321401,1,1,1
48201323702,1,1,1
48201340203,1,1,1
48201342002,1,1,1
48201534001,1,1,1
48201533902,1,1,1
48201550603,1,1,1
48187210508,1,1,1
48187210608,1,1,1
48187210607,1,1,1
48187210713,1,NA,NA
48201550402,1,1,1
48201550601,1,1,1
48413950300,NA,NA,NA
48355002101,1,1,1
48355002001,1,1,1
48355001702,1,1,1
48355002002,1,1,1
48355001904,1,1,1
48049951200,1,NA,1
48049950600,1,NA,1
48049950300,1,NA,1
48049950200,1,NA,1
48049950900,1,NA,1
48049950500,1,NA,1
48201331602,1,1,1
48201552602,1,1,1
48201553802,1,1,1
48201314400,1,1,1
48201320601,1,1,1
48201350601,1,1,1
48201411502,1,1,1
48201431401,1,1,1
48201540502,1,1,1
48201511301,1,1,1
48201554401,1,1,1
48201555502,1,1,1
48201223001,1,1,1
48201330303,1,1,1
48201334003,1,1,1
48201343301,1,1,1
48201341501,1,1,1
48201341502,1,1,1
48201341301,1,1,1
48201340302,1,1,1
48201551701,1,1,1
48201551702,1,1,1
48201534202,1,1,1
48201540602,1,1,1
48251130213,NA,NA,NA
48251130602,1,NA,1
48251130210,NA,NA,NA
48251130304,NA,NA,NA
48251130303,NA,NA,NA
48251130601,1,NA,1
48251130214,NA,NA,NA
48355002602,1,1,1
48355002603,1,1,1
48355003204,1,1,1
48355003306,1,1,1
48355003303,1,1,1
48355003305,1,1,1
48201330301,1,1,1
48201334001,1,1,1
48201533702,1,1,1
48201554501,1,1,1
48201343600,1,1,1
48201222402,1,1,1
48201251501,1,1,1
48201432002,1,1,1
48201241500,1,1,1
48201222501,1,1,1
48201222401,1,1,1
48201222503,1,1,1
48201431501,1,1,1
48201350602,1,1,1
48201341302,1,1,1
48201341202,1,1,1
48201350801,1,1,1
48201341201,1,1,1
48201410702,1,1,1
48201410701,1,1,1
48201540902,1,1,1
48201540601,1,1,1
48201541203,1,1,1
48201541002,1,1,1
48355003001,1,1,1
48355005412,1,1,1
48355005409,1,1,1
48355980000,1,1,1
48355001701,1,1,1
48209010806,1,1,1
48209010908,1,1,1
48209010809,1,1,1
48209010701,1,1,1
48209010702,1,1,1
48209010905,1,1,1
48209010907,1,1,1
48209010807,1,NA,1
48209010805,1,1,1
48209010906,1,1,1
48209010909,1,1,1
48201233701,1,1,1
48201233703,1,1,1
48201533801,1,1,1
48201222502,1,1,1
48201240502,1,1,1
48201533802,1,1,1
48201410401,1,1,1
48201411501,1,1,1
48201431802,1,1,1
48201431801,1,1,1
48201413201,1,1,1
48201432801,1,1,1
48201421201,1,1,1
48039663400,1,1,1
48039663500,1,1,1
48039663600,1,1,1
48039663700,1,1,1
48201432702,1,1,1
48201432701,1,1,1
48201422702,1,1,1
48201422701,1,1,1
48201422402,1,1,1
48201541201,1,1,1
48201541202,1,1,1
48201542102,1,1,1
48201543003,1,1,1
48201553002,1,1,1
48201553001,1,1,1
48201252200,1,1,1
48457950300,1,1,1
48457950400,1,1,1
48457950500,1,1,1
48457950100,1,NA,1
48479001001,1,NA,1
48479001501,1,NA,1
48479000300,1,NA,1
48479000101,1,NA,1
48015760502,1,1,1
48015760501,1,1,1
48265960301,1,NA,1
48265960302,1,NA,1
48265960402,1,NA,1
48423000300,NA,NA,NA
48423000500,1,NA,1
48423000600,NA,NA,NA
48423001401,NA,NA,NA
48423000100,NA,NA,NA
48423001802,NA,NA,NA
48423001700,NA,NA,NA
48361021502,1,1,1
48361021501,1,1,1
48059030102,NA,NA,NA
48479000200,1,NA,1
48479001900,1,NA,1
48423000201,NA,NA,NA
48423002007,1,NA,1
48423002009,1,NA,1
48423001801,NA,NA,NA
48423000202,NA,NA,NA
48423001602,1,NA,1
48423001500,NA,NA,NA
48423002008,1,NA,1
48423001601,NA,NA,NA
48423000400,1,NA,1
48423002200,1,NA,1
48423000700,1,NA,1
48423000900,1,NA,1
48423001000,1,NA,1
48423001101,1,NA,1
48423001102,1,NA,1
48423001200,1,NA,1
48311950100,1,NA,1
48423001803,1,NA,1
48423001901,1,NA,1
48423002003,1,NA,1
48423002004,1,NA,1
48423002006,1,NA,1
48423001300,1,NA,1
48423000800,1,NA,1
48265960401,1,NA,1
48479000700,1,NA,1
48479000800,1,NA,1
48479000901,1,NA,1
48059030101,NA,NA,NA
48201333100,1,1,1
48201350200,1,1,1
48201350300,1,1,1
48201350400,1,1,1
48201350500,1,1,1
48273020300,1,1,1
48201420300,1,1,1
48201420500,1,1,1
48201333300,1,1,1
48201980000,1,1,1
48201333600,1,1,1
48201333700,1,1,1
48201410100,1,1,1
48201410200,1,1,1
48201410300,1,1,1
48201410500,1,1,1
48201410600,1,1,1
48201410800,1,1,1
48201410900,1,1,1
48201420600,1,1,1
48201420700,1,1,1
48201420900,1,1,1
48201431700,1,1,1
48201431900,1,1,1
48201333800,1,1,1
48473680400,1,1,1
48473680500,1,1,1
48473680200,1,1,1
48473680300,1,1,1
48473680100,1,1,1
48473680600,1,1,1
48201411000,1,1,1
48201411100,1,1,1
48201411200,1,1,1
48201411300,1,1,1
48201411400,1,1,1
48201421000,1,1,1
48201432100,1,1,1
48201432200,1,1,1
48201432300,1,1,1
48201340100,1,1,1
48201521700,1,1,1
48201521800,1,1,1
48201521900,1,1,1
48201522100,1,1,1
48201530100,1,1,1
48201530300,1,1,1
48201454900,1,1,1
48201455000,1,1,1
48201530400,1,1,1
48201530700,1,1,1
48201455200,1,1,1
48201455300,1,1,1
48007950400,1,1,1
48007950100,1,1,1
48007950200,1,1,1
48007950500,1,1,1
48007950300,1,1,1
48201530800,1,1,1
48201531500,1,1,1
48201531600,1,1,1
48201531700,1,1,1
48201531800,1,1,1
48201531900,1,1,1
48201510100,1,1,1
48201510200,1,1,1
48201510300,1,1,1
48201510400,1,1,1
48201510500,1,1,1
48201510600,1,1,1
48201532600,1,1,1
48201510800,1,1,1
48201530900,1,1,1
48201531100,1,1,1
48201531300,1,1,1
48201531400,1,1,1
48201510900,1,1,1
48419950300,1,NA,1
48419950200,1,NA,1
48029131700,1,NA,1
48029140100,1,NA,1
48029140200,1,NA,1
48029140300,1,NA,1
48029140500,1,NA,1
48029140700,1,NA,1
48029140800,1,NA,1
48029140900,1,NA,1
48029141000,1,NA,1
48419950600,1,NA,1
48419950500,1,NA,1
48419950100,1,NA,1
48419950400,1,NA,1
48201532100,1,1,1
48201532300,1,1,1
48201532400,1,1,1
48245010300,1,1,1
48245010400,1,1,1
48029131200,1,NA,1
48029141200,1,NA,1
48201452900,1,1,1
48201453000,1,1,1
48201453100,1,1,1
48201530600,1,1,1
48245010600,1,1,1
48029131606,1,NA,1
48201453300,1,1,1
48201511200,1,1,1
48201511500,1,1,1
48201511600,1,1,1
48201520100,1,1,1
48029131300,1,NA,1
48245000900,1,1,1
48245002000,1,1,1
48245011600,1,1,1
48201453700,1,1,1
48201453800,1,1,1
48201453900,1,1,1
48245010100,1,1,1
48245011101,1,1,1
48245001303,1,1,1
48245006900,1,1,1
48245000103,1,1,1
48245011400,1,1,1
48201454000,1,1,1
48309003602,1,NA,NA
48309003801,1,NA,1
48309001000,1,NA,1
48309004102,1,NA,1
48309003500,1,NA,1
48309003802,1,NA,1
48309002302,1,NA,1
48309001800,1,NA,1
48309003900,1,NA,1
48309002900,1,NA,1
48309003400,1,NA,1
48309003601,1,NA,1
48309001700,1,NA,1
48309003701,1,NA,NA
48201520200,1,1,1
48201520500,1,1,1
48201520700,1,1,1
48245001302,1,1,1
48245010800,1,1,1
48245010901,1,1,1
48245010700,1,1,1
48201454100,1,1,1
48201454200,1,1,1
48245002400,1,1,1
48245000304,1,1,1
48245011500,1,1,1
48245007100,1,1,1
48245000306,1,1,1
48201521000,1,1,1
48201521100,1,1,1
48201521200,1,1,1
48201521300,1,1,1
48201521400,1,1,1
48201521600,1,1,1
48201454600,1,1,1
48201454700,1,1,1
48201454800,1,1,1
48201550500,1,1,1
48201554700,1,1,1
48201555000,1,1,1
48201555100,1,1,1
48201241000,1,1,1
48201522000,1,1,1
48201550700,1,1,1
48201550800,1,1,1
48201550900,1,1,1
48385950100,NA,NA,NA
48201540800,1,1,1
48201541100,1,1,1
48201551000,1,1,1
48201551100,1,1,1
48291700300,1,1,1
48291700400,1,1,1
48291700900,1,1,1
48291700500,1,1,1
48201551200,1,1,1
48201551300,1,1,1
48201541300,1,1,1
48201541400,1,1,1
48201541500,1,1,1
48201551400,1,1,1
48201551500,1,1,1
48201551600,1,1,1
48245001700,1,1,1
48201541700,1,1,1
48201541800,1,1,1
48099010601,1,NA,1
48099010702,1,NA,1
48291700600,1,1,1
48291701400,1,1,1
48291701200,1,1,1
48291700800,1,1,1
48291701000,1,1,1
48291700100,1,1,1
48291700200,1,1,1
48291701300,1,1,1
48291700700,1,1,1
48291701100,1,1,1
48201541900,1,1,1
48201542000,1,1,1
48201551800,1,1,1
48201551900,1,1,1
48201552400,1,1,1
48201552500,1,1,1
48201532800,1,1,1
48201532900,1,1,1
48201533000,1,1,1
48201542400,1,1,1
48201542500,1,1,1
48201542600,1,1,1
48201542700,1,1,1
48201552700,1,1,1
48201533100,1,1,1
48201533200,1,1,1
48201533300,1,1,1
48201533400,1,1,1
48201533500,1,1,1
48201533600,1,1,1
48271950100,NA,NA,NA
48201542800,1,1,1
48201550100,1,1,1
48201550200,1,1,1
48245001900,1,1,1
48245011001,1,1,1
48245011002,1,1,1
48201552800,1,1,1
48201552900,1,1,1
48133950400,1,NA,1
48133950200,NA,NA,NA
48133950100,NA,NA,NA
48133950300,NA,NA,NA
48133950500,NA,NA,NA
48201553100,1,1,1
48201553300,1,1,1
48201553500,1,1,1
48201553600,1,1,1
48251131000,1,NA,1
48251131100,NA,NA,NA
48251130409,NA,NA,NA
48251130800,NA,NA,NA
48201534100,1,1,1
48201540100,1,1,1
48245002100,1,1,1
48245002200,1,1,1
48245002300,1,1,1
48245002500,1,1,1
48245002600,1,1,1
48245005100,1,1,1
48245005400,1,1,1
48201553700,1,1,1
48201554200,1,1,1
48201554600,1,1,1
48201233200,1,1,1
48201233400,1,1,1
48201233500,1,1,1
48201311000,1,1,1
48201311100,1,1,1
48201311300,1,1,1
48201311400,1,1,1
48201233600,1,1,1
48201240100,1,1,1
48167720400,1,1,1
48167720700,1,1,1
48167720900,1,1,1
48201311500,1,1,1
48201311600,1,1,1
48201240600,1,1,1
48201252000,1,1,1
48201311700,1,1,1
48201311800,1,1,1
48201311900,1,1,1
48201312000,1,1,1
48183001400,NA,NA,NA
48307950300,1,NA,1
48307950400,1,NA,1
48307950500,1,NA,1
48183010400,NA,NA,NA
48183010600,NA,NA,NA
48201252100,1,1,1
48201253000,1,1,1
48201253300,1,1,1
48201253400,1,1,1
48201312100,1,1,1
48201312200,1,1,1
48201312400,1,1,1
48167721000,1,1,1
48167721100,1,1,1
48203020102,NA,NA,NA
48201312500,1,1,1
48201312600,1,1,1
48201241200,1,1,1
48201241300,1,1,1
48201253500,1,1,1
48201253600,1,1,1
48201312700,1,1,1
48201312800,1,1,1
48201312900,1,1,1
48201313100,1,1,1
48201313200,1,1,1
48201313300,1,1,1
48201323900,1,1,1
48217960400,1,NA,1
48217960600,1,NA,1
48217960500,1,NA,1
48217960800,1,NA,1
48217961000,1,NA,1
48217960700,1,NA,1
48217960100,1,NA,1
48217960900,1,NA,1
48217960200,1,NA,1
48217961100,1,NA,1
48201324000,1,1,1
48201330100,1,1,1
48201330200,1,1,1
48201330400,1,1,1
48201330500,1,1,1
48167721300,1,1,1
48167721400,1,1,1
48201330600,1,1,1
48201330700,1,1,1
48201330800,1,1,1
48201320500,1,1,1
48025950500,1,1,1
48201320700,1,1,1
48201320800,1,1,1
48201320900,1,1,1
48201321000,1,1,1
48257051202,NA,NA,NA
48257051201,NA,NA,NA
48201321100,1,1,1
48201321200,1,1,1
48201321500,1,1,1
48201321600,1,1,1
48331950402,1,1,1
48245011303,1,1,1
48201330900,1,1,1
48201331100,1,1,1
48201331200,1,1,1
48201331300,1,1,1
48201331400,1,1,1
48201331500,1,1,1
48201321700,1,1,1
48201321900,1,1,1
48201322000,1,1,1
48201322100,1,1,1
48201322200,1,1,1
48201331700,1,1,1
48201331800,1,1,1
48201331900,1,1,1
48201332100,1,1,1
48201332200,1,1,1
48201332400,1,1,1
48201332500,1,1,1
48285000300,1,1,1
48285000500,1,1,1
48285000400,1,1,1
48285000600,1,1,1
48285000200,1,1,1
48285000100,1,1,1
48201322700,1,1,1
48201322800,1,1,1
48089750400,1,1,1
48089750100,1,1,1
48089750300,1,1,1
48089750500,1,1,1
48089750200,1,1,1
48309002000,1,NA,NA
48309000598,1,NA,1
48137950300,NA,NA,NA
48327950300,NA,NA,NA
48201322900,1,1,1
48201323000,1,1,1
48201323100,1,1,1
48201323200,1,1,1
48201323300,1,1,1
48201323400,1,1,1
48201323500,1,1,1
48201323600,1,1,1
48201411700,1,1,1
48201411800,1,1,1
48201411900,1,1,1
48201412000,1,1,1
48201432400,1,1,1
48201432500,1,1,1
48201432600,1,1,1
48201340500,1,1,1
48201340600,1,1,1
48201340800,1,1,1
48201341000,1,1,1
48201412100,1,1,1
48201433300,1,1,1
48201433100,1,1,1
48201433600,1,1,1
48201433400,1,1,1
48201440100,1,1,1
48201450100,1,1,1
48201450200,1,1,1
48201450300,1,1,1
48201450400,1,1,1
48201450500,1,1,1
48201341100,1,1,1
48201450600,1,1,1
48201450700,1,1,1
48201450900,1,1,1
48201451100,1,1,1
48201451200,1,1,1
48201451300,1,1,1
48201421500,1,1,1
48201421600,1,1,1
48201421700,1,1,1
48201341800,1,1,1
48201451700,1,1,1
48201451800,1,1,1
48289950100,1,NA,1
48289950300,1,NA,NA
48289950200,1,NA,NA
48201421800,1,1,1
48201421900,1,1,1
48201422100,1,1,1
48201422200,1,1,1
48201422500,1,1,1
48201422600,1,1,1
48201342100,1,1,1
48201342200,1,1,1
48201342300,1,1,1
48201342400,1,1,1
48201342500,1,1,1
48201342700,1,1,1
48201342800,1,1,1
48201422800,1,1,1
48201422900,1,1,1
48201423000,1,1,1
48201451500,1,1,1
48201423100,1,1,1
48201343000,1,1,1
48201343200,1,1,1
48201452000,1,1,1
48201452100,1,1,1
48201452400,1,1,1
48201452500,1,1,1
48201452700,1,1,1
48201423600,1,1,1
48201412200,1,1,1
48201412300,1,1,1
48029161600,1,NA,1
48029980003,1,NA,1
48029170101,1,NA,1
48201412400,1,1,1
48029170200,1,NA,1
48029170300,1,NA,1
48029170401,1,NA,1
48201332600,1,1,1
48201412700,1,1,1
48201412800,1,1,1
48201412900,1,1,1
48201413100,1,1,1
48273020100,1,NA,NA
48273020500,1,1,1
48273020400,1,1,1
48273020200,1,1,1
48201430200,1,1,1
48201430300,1,1,1
48201430400,1,1,1
48201430500,1,1,1
48201413300,1,1,1
48201420200,1,1,1
48201430600,1,1,1
48201430700,1,1,1
48201430800,1,1,1
48201430900,1,1,1
48029170402,1,NA,1
48201431000,1,1,1
48029170500,1,NA,1
48029171912,1,NA,1
48201332700,1,1,1
48201332800,1,1,1
48201333000,1,1,1
48029172002,1,NA,1
48029180201,1,NA,1
48029180300,1,NA,1
48029180400,1,NA,1
48029180501,1,NA,1
48029180504,1,NA,1
48029180602,1,NA,1
48029180701,1,NA,1
48029180702,1,NA,1
48029180503,1,NA,1
48029180800,1,NA,1
48029180901,1,NA,1
48493000104,1,1,1
48493000404,1,NA,NA
48493000103,1,NA,NA
48029180902,1,NA,1
48029181001,1,NA,1
48029181003,1,NA,1
48029181004,1,NA,1
48029181005,1,NA,1
48029181100,1,NA,1
48029181200,1,NA,1
48029181301,1,NA,1
48029181302,1,NA,1
48029181402,1,NA,1
48029181504,1,NA,1
48029181505,1,NA,1
48029181506,1,NA,1
48029181601,1,NA,1
48029181703,1,NA,1
48029181704,1,NA,1
48029181705,1,NA,1
48029181711,1,NA,1
48029181712,1,NA,1
48029181713,1,NA,1
48029181715,1,NA,1
48029181716,1,NA,1
48157673101,1,1,1
48157673102,1,1,1
48029181718,1,NA,1
48029181809,1,NA,1
48029181811,1,NA,1
48029190200,1,NA,1
48029190400,1,NA,1
48029190501,1,NA,1
48029190601,1,NA,1
48029190800,1,NA,1
48029190901,1,NA,1
48027022103,1,NA,1
48027022200,1,NA,NA
48027022300,1,NA,1
48029191003,1,NA,1
48029191004,1,NA,1
48029191101,1,NA,1
48029191102,1,NA,1
48027023500,1,NA,1
48029191406,1,NA,1
48041002010,1,1,1
48185180400,1,1,1
48401950400,1,NA,1
48401950200,NA,NA,NA
48401950700,1,NA,1
48401950100,NA,NA,NA
48029191408,1,NA,1
48029191409,1,NA,1
48401950900,1,NA,1
48401951100,1,NA,1
48401950600,1,NA,1
48401951000,1,NA,1
48401951200,1,NA,1
48401950300,NA,NA,NA
48401950800,1,NA,1
48391950200,1,1,1
48029181808,1,NA,1
48027021201,1,NA,1
48027021202,1,NA,1
48027021301,1,NA,NA
48027021901,1,NA,1
48027022101,1,NA,1
48027022401,1,NA,1
48027022600,1,NA,1
48027022900,1,NA,1
48027023000,1,NA,1
48027023103,1,NA,1
48027023104,1,NA,1
48029190504,1,NA,1
48029190503,1,NA,1
48215024301,NA,NA,NA
48001950500,1,NA,1
48001950100,1,NA,1
48001950700,1,NA,1
48001950600,1,NA,1
48001951000,1,NA,1
48001950800,1,NA,1
48453000402,1,1,1
48209010804,1,1,1
48209010304,1,1,1
48209010910,1,1,1
48209010803,1,NA,NA
48209010808,1,NA,1
48209010303,1,1,1
48361020700,1,1,1
48361021100,1,1,1
48361021600,1,1,1
48361022300,1,1,1
48361021700,1,1,1
48361021200,1,1,1
48361020300,1,1,1
48361022000,1,1,1
48361021800,1,1,1
48361021000,1,1,1
48361022400,1,1,1
48361022200,1,1,1
48361021400,1,1,1
48361021900,1,1,1
48453000500,1,1,1
48255970400,1,1,1
48255970100,1,1,1
48255970300,1,1,1
48255970200,1,1,1
48313000300,1,NA,NA
48313000100,1,NA,NA
48313000200,1,NA,NA
48313000400,1,1,1
48361020200,1,1,1
48453000601,1,1,1
48453000603,1,1,1
48453000604,1,1,1
48453000801,1,1,1
48453000802,1,1,1
48453000803,1,1,1
48453000804,1,1,1
48453000901,1,1,1
48361020500,1,1,1
48029130402,1,NA,1
48029131503,1,NA,1
48399950500,NA,NA,NA
48399950600,NA,NA,NA
48399950100,NA,NA,NA
48399950200,NA,NA,NA
48361020900,1,1,1
48019000101,1,NA,1
48021950502,1,1,1
48027980003,1,NA,1
48027023403,1,NA,NA
48027023404,1,NA,NA
48027021903,1,NA,1
48027023204,1,NA,NA
48027980002,1,NA,1
48477170100,1,1,1
48477170600,1,1,1
48477170400,1,1,1
48477170500,1,1,1
48477170300,1,1,1
48477170200,1,1,1
48029121908,1,NA,NA
48029110300,1,NA,1
48261990000,NA,NA,NA
48281950301,1,NA,1
48453001603,1,1,1
48453001605,1,1,1
48453001606,1,1,1
48267950100,NA,NA,NA
48267950200,1,NA,1
48083950700,1,NA,1
48083950300,1,NA,1
48083950600,1,NA,1
48029121803,1,NA,1
48361021300,1,1,1
48029121812,1,NA,NA
48453001705,1,1,1
48453001706,1,1,1
48453001707,1,1,1
48029130300,1,NA,1
48029130500,1,NA,1
48029130600,1,NA,1
48029130700,1,NA,1
48029131000,1,NA,1
48453001712,1,1,1
48453001713,1,1,1
48453001718,1,1,1
48029121404,1,NA,1
48029121501,1,NA,1
48029121504,1,NA,1
48029121507,1,NA,1
48029121508,1,NA,1
48029121601,1,NA,1
48053960600,1,NA,1
48053960700,1,NA,1
48053960200,1,NA,1
48053960300,1,NA,1
48053960500,1,NA,1
48053960100,1,NA,NA
48053960400,1,NA,1
48053960800,1,NA,1
48453001716,1,1,1
48453001747,1,1,1
48453001823,1,1,1
48453002307,1,1,1
48453001908,1,1,1
48453001719,1,1,1
48453001722,1,1,1
48453001728,1,1,1
48453001729,1,1,1
48409010500,1,1,1
48029131504,1,NA,1
48029980004,1,NA,1
48029121604,1,NA,1
48029121802,1,NA,NA
48185180302,1,1,1
48185180101,1,1,1
48185180200,1,1,1
48185180102,1,1,1
48321730700,1,1,1
48321730400,1,1,1
48321730100,1,1,1
48321730501,1,1,1
48321730600,1,1,1
48453001746,1,1,1
48453001765,1,1,1
48453001737,1,1,1
48453001766,1,1,1
48453002003,1,1,1
48453001819,1,1,1
48453001714,1,1,1
48453001748,1,1,1
48453001901,1,1,1
48453002402,1,1,1
48453000101,1,1,1
48453002313,1,1,1
48453000700,1,1,1
48453001849,1,1,1
48453002421,1,1,1
48453001604,1,1,1
48453001910,1,1,1
48453002407,1,1,1
48453002315,1,1,1
48453001308,1,1,1
48453001911,1,1,1
48453001761,1,1,1
48453001755,1,1,1
48029191816,1,NA,1
48453001733,1,1,1
48453001738,1,1,1
48453001741,1,1,1
48409010700,1,1,1
48409010603,1,1,1
48409010601,1,1,1
48409011000,1,1,1
48409010900,1,1,1
48409011300,1,1,1
48409011200,1,1,1
48029121120,1,NA,1
48029191303,1,NA,1
48057000400,1,1,1
48057000300,1,1,1
48057000200,1,1,1
48057000100,1,1,1
48167721700,1,1,1
48167722100,1,1,1
48167722300,1,1,1
48167722600,1,1,1
48167722700,1,1,1
48247950200,1,NA,1
48139060500,NA,NA,NA
48139060600,NA,NA,NA
48139061400,NA,NA,NA
48041001301,1,1,1
48041001303,1,1,1
48041001400,1,1,1
48041002015,1,1,1
48041001601,1,1,1
48041001604,1,1,1
48321730202,1,1,1
48321730302,1,1,1
48321730201,1,1,1
48355003002,1,1,1
48355003101,1,1,1
48469000201,1,1,1
48469000202,1,1,1
48469000301,1,1,1
48469000302,1,1,1
48469000400,1,1,1
48245990000,1,1,1
48029121000,1,NA,1
48469000501,1,1,1
48469000601,1,1,1
48469000602,1,1,1
48469001501,1,1,1
48029161400,1,NA,1
48029190700,1,NA,1
48029110100,1,NA,1
48029120800,1,NA,1
48041001804,1,1,1
48041002006,1,1,1
48041000102,1,1,1
48041000103,1,1,1
48041002014,1,1,1
48041002012,1,1,1
48041001701,1,1,1
48041001702,1,1,1
48041001606,1,1,1
48469001601,1,1,1
48469001604,1,1,1
48469001605,1,1,1
48029120701,1,NA,1
48029120901,1,NA,1
48029120702,1,NA,1
48029120902,1,NA,1
48029141800,1,NA,1
48029170102,1,NA,1
48029130800,1,NA,1
48029190100,1,NA,1
48139061300,NA,NA,NA
48139061500,1,NA,1
48139061600,NA,NA,NA
48139061700,NA,NA,NA
48139060900,NA,NA,NA
48139061000,1,NA,1
48139060300,NA,NA,NA
48139060400,NA,NA,NA
48139061200,1,NA,1
48139061100,NA,NA,NA
48139060102,NA,NA,NA
48123970200,1,1,1
48123970300,1,1,1
48123970100,1,1,1
48123970500,1,1,1
48123970400,1,1,1
48127950200,NA,NA,NA
48131950100,1,NA,1
48131950200,1,NA,1
48041001605,1,1,1
48041001803,1,1,1
48029121110,1,NA,NA
48029121111,1,NA,1
48029121112,1,NA,1
48029110600,1,NA,1
48029110700,1,NA,1
48029110500,1,NA,1
48029121108,1,NA,1
48029120100,1,NA,1
48029120300,1,NA,1
48041002007,1,1,1
48041002008,1,1,1
48029121402,1,NA,1
48029121403,1,NA,1
48029121116,1,NA,1
48029121117,1,NA,1
48029121300,1,NA,1
48029141300,1,NA,1
48029181303,1,NA,1
48029182103,1,NA,1
48029130900,1,NA,1
48029181602,1,NA,1
48029160200,1,NA,1
48029130200,1,NA,1
48029190902,1,NA,1
48029182101,1,NA,1
48029980002,1,NA,1
48349970900,1,NA,1
48349970200,1,NA,1
48349970300,1,NA,1
48349970800,1,NA,1
48349970700,1,NA,1
48349970500,1,NA,1
48349970600,1,NA,1
48349970100,1,NA,1
48349970400,1,NA,1
48349971000,1,NA,1
48029111000,1,NA,1
48029980001,1,NA,1
48029181503,1,NA,1
48029121505,1,NA,1
48029121118,1,NA,1
48029120400,1,NA,1
48029120501,1,NA,1
48425000200,1,NA,1
48425000100,1,NA,1
48029140400,1,NA,1
48029152000,1,NA,1
48029151400,1,NA,1
48029131601,1,NA,1
48029160702,1,NA,1
48029121506,1,NA,1
48029161200,1,NA,1
48029162001,1,NA,1
48029171100,1,NA,1
48029171801,1,NA,1
48029182102,1,NA,1
48029191804,1,NA,NA
48029151900,1,NA,1
48029151500,1,NA,1
48029121205,1,NA,1
48029121804,1,NA,1
48029141900,1,NA,1
48029140600,1,NA,1
48029180202,1,NA,1
48029152100,1,NA,1
48029120502,1,NA,1
48029120600,1,NA,1
48029121203,1,NA,1
48029121204,1,NA,1
48029121206,1,NA,1
48029121115,1,NA,1
48039661100,1,1,1
48041001900,1,1,1
48041002001,1,1,1
48041000202,1,1,1
48039663300,1,1,1
48361020800,1,1,1
48453002110,1,1,1
48453002111,1,1,1
48213950200,1,NA,1
48213950400,1,NA,1
48213951000,1,NA,1
48213951100,1,NA,1
48213950800,1,NA,1
48213951400,1,NA,1
48213950700,1,NA,1
48213950500,1,NA,1
48213951300,1,NA,1
48213950300,1,NA,1
48213950100,1,NA,1
48213951200,1,NA,1
48355006300,1,1,1
48355006400,1,1,1
48453002105,1,1,1
48453002106,1,1,1
48453002107,1,1,1
48139060213,NA,NA,NA
48139060211,NA,NA,NA
48139060801,NA,NA,NA
48139060702,NA,NA,NA
48139060802,NA,NA,NA
48139060803,NA,NA,NA
48139060208,NA,NA,NA
48139060212,NA,NA,NA
48139060210,NA,NA,NA
48139060209,NA,NA,NA
48047950200,1,NA,1
48047950100,NA,NA,NA
48453002109,1,1,1
48453001840,1,1,1
48453000204,1,1,1
48453001740,1,1,1
48453001403,1,1,1
48453002108,1,1,1
48453001768,1,1,1
48039662900,1,1,1
48039662800,1,1,1
48453001822,1,1,1
48453001841,1,1,1
48453001845,1,1,1
48453001913,1,1,1
48453000902,1,1,1
48453001000,1,1,1
48453001100,1,1,1
48029191806,1,NA,1
48039662500,1,1,1
48039664100,1,1,1
48039664000,1,1,1
48039660100,1,1,1
48039662200,1,1,1
48039662400,1,1,1
48039661200,1,1,1
48039661000,1,1,1
48039663100,1,1,1
48039662000,1,1,1
48039664400,1,1,1
48039660300,1,1,1
48453001745,1,1,1
48453001749,1,1,1
48453001750,1,1,1
48453001751,1,1,1
48453001752,1,1,1
48453001753,1,1,1
48029121122,1,NA,1
48029191413,1,NA,1
48029191411,1,NA,1
48039660900,1,1,1
48039661300,1,1,1
48039661400,1,1,1
48039662100,1,1,1
48039662300,1,1,1
48039662700,1,1,1
48039663000,1,1,1
48039663200,1,1,1
48321730303,1,1,1
48029191813,1,NA,1
48453001754,1,1,1
48453001764,1,1,1
48453001769,1,1,1
48453001804,1,1,1
48453001805,1,1,1
48453001806,1,1,1
48453001811,1,1,1
48453001812,1,1,1
48453001813,1,1,1
48339692700,1,1,1
48339694700,1,1,1
48339693700,1,1,1
48339690500,1,1,1
48339694400,1,1,1
48339693900,1,1,1
48339690300,1,1,1
48339692300,1,1,1
48339693000,1,1,1
48339694600,1,1,1
48453001817,1,1,1
48453001818,1,1,1
48453001820,1,1,1
48453001821,1,1,1
48453001824,1,1,1
48453001828,1,1,1
48453001842,1,1,1
48453001843,1,1,1
48339692900,1,1,1
48339692200,1,1,1
48339694000,1,1,1
48339692500,1,1,1
48339691400,1,1,1
48339693400,1,1,1
48029121813,1,NA,NA
48029152202,1,NA,1
48029161503,1,NA,1
48029181817,1,NA,1
48029191817,1,NA,1
48453001200,1,1,1
48453001303,1,1,1
48453001304,1,1,1
48453001305,1,1,1
48453001307,1,1,1
48453001401,1,1,1
48453001829,1,1,1
48453001832,1,1,1
48453001833,1,1,1
48453001834,1,1,1
48453001835,1,1,1
48453001839,1,1,1
48453001844,1,1,1
48453001847,1,1,1
48453001848,1,1,1
48435950300,NA,NA,NA
48453001850,1,1,1
48453001851,1,1,1
48481740500,1,1,1
48481740800,1,1,1
48481741000,1,1,1
48481740300,1,1,1
48481741100,1,1,1
48029170600,1,NA,1
48029170700,1,NA,1
48029170800,1,NA,1
48029170900,1,NA,1
48029171000,1,NA,1
48029171200,1,NA,1
48441013300,NA,NA,NA
48441013402,NA,NA,NA
48441013500,NA,NA,NA
48441011700,NA,NA,NA
48051970200,1,1,1
48247950400,1,NA,1
48051970400,1,1,1
48051970500,1,1,1
48051970100,1,1,1
48051970300,1,1,1
48029161000,1,NA,1
48029161100,1,NA,1
48029190603,1,NA,1
48029191405,1,NA,1
48029131613,1,NA,1
48029190604,1,NA,1
48029181729,1,NA,1
48029161302,1,NA,1
48029980100,1,NA,1
48029161501,1,NA,1
48029171700,1,NA,1
48029171802,1,NA,1
48029171902,1,NA,1
48029171903,1,NA,1
48453000102,1,1,1
48453002005,1,1,1
48453002104,1,1,1
48259970402,1,NA,1
48259970401,1,NA,1
48259970301,1,NA,1
48029131609,1,NA,1
48005000400,1,NA,1
48005001100,1,NA,1
48029191815,1,NA,1
48005000700,1,NA,1
48005000500,1,NA,1
48005000200,1,NA,1
48005001200,1,NA,1
48005000102,1,NA,1
48005000800,1,NA,1
48005000600,1,NA,1
48005001300,1,NA,1
48453000203,1,1,1
48453000302,1,1,1
48453000401,1,1,1
48453001503,1,1,1
48453001402,1,1,1
48453001504,1,1,1
48453001505,1,1,1
48453001501,1,1,1
48453001602,1,1,1
48453001853,1,1,1
48453002002,1,1,1
48453002004,1,1,1
48029161504,1,NA,1
48029171602,1,NA,1
48029171919,1,NA,1
48029171601,1,NA,1
48029171922,1,NA,1
48297950100,1,NA,1
48297950200,1,1,1
48297950400,1,1,1
48297950300,1,NA,NA
48029141101,1,NA,1
48029131401,1,NA,1
48029141102,1,NA,1
48029141404,1,NA,1
48029151302,1,NA,1
48029160902,1,NA,1
48471790200,1,1,1
48471790400,1,1,1
48471790300,1,1,1
48471790500,1,1,1
48479001004,1,NA,1
48029121606,1,NA,1
48029161304,1,NA,1
48029161901,1,NA,1
48029160502,1,NA,1
48029161802,1,NA,1
48225950700,1,NA,NA
48225950200,1,NA,NA
48225950100,1,NA,1
48225950500,1,NA,NA
48225950600,1,NA,1
48225950300,1,NA,NA
48143950202,NA,NA,NA
48143950201,NA,NA,NA
48225950400,1,NA,NA
48353950100,NA,NA,NA
48353950500,NA,NA,NA
48201240902,1,1,1
48029131506,1,NA,1
48029130401,1,NA,1
48029121702,1,NA,NA
48029131402,1,NA,1
48029121810,1,NA,NA
48029131612,1,NA,1
48333950100,1,NA,1
48333950200,1,NA,1
48331950401,1,1,1
48217961400,1,NA,1
48245000308,1,1,1
48245000307,1,1,1
48245000310,1,1,1
48039661900,1,1,1
48039664300,1,1,1
48039660400,1,1,1
48039662600,1,1,1
48039660500,1,1,1
48039664501,1,1,1
48039661700,1,1,1
48039661800,1,1,1
48299970600,1,NA,1
48299970100,1,NA,1
48299970300,1,NA,1
48299970400,1,NA,1
48299970500,1,NA,1
48299970200,1,NA,1
48453001912,1,1,1
48099010101,1,NA,1
48099010300,1,NA,1
48099010102,1,NA,1
48099010501,1,NA,1
48099010502,1,NA,1
48099010804,1,NA,1
48099010803,1,NA,1
48099010201,1,NA,1
48187210506,1,1,1
48339691302,1,1,1
48339691602,1,1,1
48339693102,1,1,1
48339692801,1,1,1
48409011100,1,1,1
48491020804,1,1,1
48491021507,1,1,1
48491020603,1,1,1
48491021504,1,1,1
48491020806,1,1,1
48035950100,1,NA,1
48035950400,1,NA,1
48035950300,1,NA,1
48035950700,1,NA,1
48035950600,1,NA,1
48035950200,1,NA,1
48491021506,1,1,1
48491020111,1,1,1
48491020807,1,1,1
48491020315,1,1,1
48491020313,1,1,1
48491020322,1,1,1
48491020312,1,1,1
48331950700,1,1,1
48331950100,1,NA,NA
48331950300,1,1,1
48331950500,1,1,1
48331950800,1,1,1
48491020327,1,1,1
48491020323,1,1,1
48491020316,1,1,1
48491020410,1,1,1
48441980000,NA,NA,NA
48055960400,1,1,1
48055960500,1,1,1
48055960300,1,1,1
48055960700,1,1,1
48055960600,1,1,1
48055960200,1,1,1
48201210500,1,1,1
48265960600,1,NA,1
48201221400,1,1,1
48201221500,1,1,1
48201210600,1,1,1
48201210700,1,1,1
48201221600,1,1,1
48201313000,1,1,1
48201543100,1,1,1
48201420400,1,1,1
48201511100,1,1,1
48201540200,1,1,1
48201231100,1,1,1
48201231300,1,1,1
48201231500,1,1,1
48201231600,1,1,1
48201231700,1,1,1
48201251700,1,1,1
48201340900,1,1,1
48201252900,1,1,1
48201230300,1,1,1
48201542200,1,1,1
48201423500,1,1,1
48201420100,1,1,1
48201521500,1,1,1
48201241400,1,1,1
48201343100,1,1,1
48201310400,1,1,1
48201320100,1,1,1
48201210800,1,1,1
48201210900,1,1,1
48265960800,1,NA,1
48265960100,1,NA,1
48265960200,1,NA,1
48265960700,1,NA,1
48201231800,1,1,1
48201231900,1,1,1
48251130500,1,NA,1
48251130100,NA,NA,NA
48251130900,NA,NA,NA
48251130700,NA,NA,NA
48201232000,1,1,1
48201232100,1,1,1
48201232200,1,1,1
48201230400,1,1,1
48201511400,1,1,1
48201250900,1,1,1
48251130408,NA,NA,NA
48251130302,NA,NA,NA
48251130410,NA,NA,NA
48201341600,1,1,1
48201340700,1,1,1
48201310800,1,1,1
48201321300,1,1,1
48201233300,1,1,1
48201232500,1,1,1
48201232800,1,1,1
48201454400,1,1,1
48351950100,1,NA,NA
48351950300,1,1,1
48351950400,1,1,1
48351950200,1,1,1
48201240400,1,1,1
48201532200,1,1,1
48201555200,1,1,1
48201431600,1,1,1
48201430100,1,1,1
48201340400,1,1,1
48201310900,1,1,1
48201252500,1,1,1
48201452300,1,1,1
48201412500,1,1,1
48201531000,1,1,1
48201552200,1,1,1
48201341700,1,1,1
48201333500,1,1,1
48201321800,1,1,1
48201311200,1,1,1
48201211000,1,1,1
48201211100,1,1,1
48201211200,1,1,1
48201211300,1,1,1
48201211400,1,1,1
48201221700,1,1,1
48201232600,1,1,1
48201453200,1,1,1
48201413000,1,1,1
48201420800,1,1,1
48201251800,1,1,1
48201252600,1,1,1
48201540700,1,1,1
48491020403,1,1,1
48491020404,1,1,1
48201232900,1,1,1
48201542900,1,1,1
48201510700,1,1,1
48201252800,1,1,1
48201553900,1,1,1
48201411600,1,1,1
48201332900,1,1,1
48201253200,1,1,1
48201221800,1,1,1
48055960101,1,1,1
48055960102,1,1,1
48201221900,1,1,1
48201222000,1,1,1
48201520400,1,1,1
48201350700,1,1,1
48201341400,1,1,1
48201310600,1,1,1
48201254700,1,1,1
48201322600,1,1,1
48201310700,1,1,1
48201231200,1,1,1
48201222100,1,1,1
48201222200,1,1,1
48201222300,1,1,1
48201211900,1,1,1
48491020405,1,1,1
48201422000,1,1,1
48491020406,1,1,1
48491020503,1,1,1
48491020504,1,1,1
48491020602,1,1,1
48201211500,1,1,1
48201211600,1,1,1
48201211700,1,1,1
48201531200,1,1,1
48201342900,1,1,1
48201312300,1,1,1
48201253100,1,1,1
48201553200,1,1,1
48201332000,1,1,1
48201350100,1,1,1
48201412600,1,1,1
48201452600,1,1,1
48201520300,1,1,1
48505950301,1,NA,1
48201231400,1,1,1
48201421300,1,1,1
48201252700,1,1,1
48201532700,1,1,1
48201530200,1,1,1
48201530500,1,1,1
48201555600,1,1,1
48201100000,1,1,1
48201210100,1,1,1
48451001600,NA,NA,NA
48201220100,1,1,1
48201220200,1,1,1
48201222600,1,1,1
48201222700,1,1,1
48201222800,1,1,1
48201222900,1,1,1
48201223100,1,1,1
48455950400,1,1,1
48455950500,1,1,1
48455950200,1,NA,NA
48455950300,1,NA,NA
48403950200,1,NA,1
48403950100,1,NA,1
48201220300,1,1,1
48201220400,1,1,1
48201220500,1,1,1
48201220600,1,1,1
48265960500,1,NA,1
48201230100,1,1,1
48201230200,1,1,1
48201230500,1,1,1
48201230600,1,1,1
48201230700,1,1,1
48201230800,1,1,1
48209010500,1,1,1
48209010901,1,1,1
48209010200,1,1,1
48209010902,1,1,1
48209010600,1,1,1
48209010400,1,1,1
48167723700,1,1,1
48005000101,1,NA,1
48005001001,1,NA,1
48201210400,1,1,1
48201220700,1,1,1
48201220800,1,1,1
48005001002,1,NA,1
48005000302,1,NA,1
48201220900,1,1,1
48201221000,1,1,1
48201221100,1,1,1
48201221200,1,1,1
48201221300,1,1,1
48201230900,1,1,1
48201231000,1,1,1
48201251600,1,1,1
48201332300,1,1,1
48201254200,1,1,1
48201252400,1,1,1
48005000901,1,NA,1
48201313400,1,1,1
48201313500,1,1,1
48201313600,1,1,1
48201313700,1,1,1
48201250100,1,1,1
48201250200,1,1,1
48201250500,1,1,1
48201250600,1,1,1
48167724000,1,1,1
48167724300,1,1,1
48167724400,1,1,1
48167724500,1,1,1
48167724600,1,1,1
48167724700,1,1,1
48167724800,1,1,1
48167725000,1,1,1
48167725100,1,1,1
48201253700,1,1,1
48201313800,1,1,1
48201313900,1,1,1
48167725200,1,1,1
48167990000,1,1,1
48167723502,1,1,1
48167723501,1,1,1
48201314300,1,1,1
48201320200,1,1,1
48201253800,1,1,1
48201253900,1,1,1
48201254000,1,1,1
48201254100,1,1,1
48241950400,1,1,1
48241950800,1,1,1
48241950300,1,1,1
48241950600,1,1,1
48241950500,1,1,1
48241950700,1,1,1
48241950100,1,NA,1
48241950200,1,1,1
48201254300,1,1,1
48201254400,1,1,1
48201254500,1,1,1
48201254600,1,1,1
48201310100,1,1,1
48201310200,1,1,1
48201310300,1,1,1
48201310500,1,1,1
48287000100,1,1,1
48287000300,1,1,1
48287000400,1,1,1
48287000200,1,1,1
48201250800,1,1,1
48201251000,1,1,1
48201251100,1,1,1
48201251200,1,1,1
48293970800,1,NA,1
48293970600,1,NA,1
48293970200,1,NA,1
48293970400,1,NA,1
48293970700,1,NA,1
48293970100,1,NA,1
48293970300,1,NA,1
48293970500,1,NA,1
48201251300,1,1,1
48091310100,1,1,1
48127950400,1,NA,1
48163950100,1,NA,1
48163950300,1,NA,1
48163950200,1,NA,1
48403950300,1,NA,NA
48171950400,1,NA,1
48171950300,1,NA,1
48171950500,1,NA,1
48171950200,1,NA,1
48171950100,1,NA,1
48347951100,1,NA,1
48347950301,1,NA,1
48347950302,1,NA,1
48347950600,1,NA,1
48347950800,1,NA,1
48347950900,1,NA,1
48347950100,1,NA,1
48347950700,1,NA,1
48347951000,1,NA,1
48347950200,1,NA,1
48347950400,1,NA,1
48283950300,1,NA,1
48057000500,1,1,1
48057990000,1,1,1
48221160301,NA,NA,NA
48221160204,NA,NA,NA
48355002706,1,1,1
48029121906,1,NA,1
48201554902,1,1,1
48201555301,1,1,1
48201251502,1,1,1
48201252302,1,1,1
48201321402,1,1,1
48201350802,1,1,1
48201343302,1,1,1
48201410402,1,1,1
48201432001,1,1,1
48201421401,1,1,1
48201431302,1,1,1
48201433001,1,1,1
48201452202,1,1,1
48201452802,1,1,1
48201542302,1,1,1
48201520602,1,1,1
48491020108,1,1,1
48491020106,1,1,1
48491020112,1,1,1
48491020204,1,1,1
48491020805,1,1,1
48491020803,1,1,1
48491020604,1,1,1
48491020508,1,1,1
48491020409,1,1,1
48491020411,1,1,1
48491020107,1,1,1
48491020201,1,1,1
48491020105,1,1,1
48491020809,1,1,1
48491021505,1,1,1
48491020706,1,1,1
48491020605,1,1,1
48491020509,1,1,1
48201541003,1,1,1
48201554403,1,1,1
48201554402,1,1,1
48201543001,1,1,1
48201555303,1,1,1
48201555302,1,1,1
48201554302,1,1,1
48201554502,1,1,1
48201554301,1,1,1
48201554802,1,1,1
48201555701,1,1,1
48201555501,1,1,1
48201555402,1,1,1
48201251401,1,1,1
48201334002,1,1,1
48201422401,1,1,1
48201550602,1,1,1
48201552301,1,1,1
48201452801,1,1,1
48201324100,1,1,1
48201556000,1,1,1
48201334100,1,1,1
48201343700,1,1,1
48309004103,1,NA,1
48309980000,1,NA,1
48091310901,1,NA,1
48091310902,1,1,1
48091310701,1,NA,NA
48091310606,1,NA,NA
48091310903,1,1,1
48091310603,1,NA,1
48091310704,1,NA,1
48029182105,1,NA,1
48029182106,1,NA,1
48029131615,1,NA,1
48029191702,1,NA,1
48029121809,1,NA,NA
48029121811,1,NA,NA
48029121910,1,NA,NA
48029191809,1,NA,NA
48029131802,1,NA,1
48029152201,1,NA,1
48029162004,1,NA,1
48029162003,1,NA,1
48029171502,1,NA,1
48029171301,1,NA,1
48029172007,1,NA,1
48029180603,1,NA,1
48029191807,1,NA,1
48029182002,1,NA,1
48029181825,1,NA,1
48059030200,NA,NA,NA
48029182001,1,NA,1
48029181902,1,NA,1
48029191811,1,NA,1
48029121808,1,NA,NA
48029121903,1,NA,1
48029121907,1,NA,NA
48029131801,1,NA,NA
48029141403,1,NA,1
48029182003,1,NA,1
48505950302,1,NA,1
48505950400,NA,NA,NA
48453001916,1,1,1
48453001783,1,1,1
48453001918,1,1,1
48453001784,1,1,1
48453001780,1,1,1
48453002428,1,1,1
48453001775,1,1,1
48453001770,1,1,1
48453001854,1,1,1
48453002210,1,1,1
48453002207,1,1,1
48453002209,1,1,1
48453001914,1,1,1
48453002433,1,1,1
48453002429,1,1,1
48453002430,1,1,1
48453000304,1,1,1
48453002319,1,1,1
48453001773,1,1,1
48453002426,1,1,1
48029121909,1,NA,NA
48259970302,1,NA,1
48029151100,1,NA,1
48029160100,1,NA,1
48029160300,1,NA,1
48029160400,1,NA,1
48029160600,1,NA,1
48029160701,1,NA,1
48245011304,1,1,1
48245980000,1,1,1
48025950202,1,1,1
48025950201,1,1,1
48347950502,1,NA,1
48347950501,1,NA,1
48203020103,NA,NA,NA
48203020604,NA,NA,NA
48203020603,NA,NA,NA
48073950802,1,NA,1
48073950801,1,NA,1
48391950400,1,1,1
48175960200,1,1,1
48175960100,1,1,1
48323950700,NA,NA,NA
48281950500,1,NA,1
48281950400,1,NA,1
48281950100,1,NA,1
48309002100,1,NA,NA
48199030502,1,1,1
48199030600,1,1,1
48199030300,1,1,1
48199030200,1,1,1
48199030100,1,1,1
48199030800,1,1,1
48199030501,1,1,1
48199030700,1,1,1
48199031000,1,1,1
48199030400,1,1,1
48199030900,1,1,1
48131950500,1,NA,1
48401950502,1,NA,1
48401950501,1,NA,1
48339690900,1,1,1
48309002498,1,NA,1
48309002501,1,NA,1
48309002503,1,NA,1
48309002504,1,NA,1
48325000102,1,NA,1
48325000402,1,NA,1
48325000101,1,NA,1
48325000401,1,NA,1
48423001604,NA,NA,NA
48423001906,1,NA,1
48423001908,1,NA,1
48423001907,1,NA,1
48423001905,1,NA,1
48423001403,NA,NA,NA
48423002102,1,NA,1
48423002101,1,NA,1
48423980000,1,NA,1
48013960402,1,NA,1
48013960202,1,NA,1
48213950901,1,NA,1
48213950602,1,NA,1
48213950902,1,NA,1
48213950903,1,NA,1
48213950601,1,NA,1
48013960401,1,NA,1
48013960100,1,NA,1
48013960500,1,NA,1
48013960201,1,NA,1
48013960300,1,NA,1
48013960600,1,NA,1
48453001774,1,1,1
48453001846,1,1,1
48409010202,1,1,1
48409010302,1,1,1
48409010301,1,1,1
48409010201,1,1,1
48221160100,NA,NA,NA
48239950300,1,1,1
48239950200,1,1,1
48239950100,1,1,1
48261950100,NA,NA,NA
48319950100,1,NA,1
48319950200,1,NA,1
48339691000,1,1,1
48469001503,1,1,1
48469001504,1,1,1
48339691100,1,1,1
48339691200,1,1,1
48339691500,1,1,1
48339691700,1,1,1
48453001756,1,1,1
48453001917,1,1,1
48373210204,1,1,1
48373210203,1,1,1
48373210302,1,1,1
48373210206,1,1,1
48373210301,1,1,1
48373210205,1,1,1
48339691900,1,1,1
48339692100,1,1,1
48339692400,1,1,1
48453000206,1,1,1
48453000305,1,1,1
48453000205,1,1,1
48453000307,1,1,1
48453002318,1,1,1
48453001919,1,1,1
48309002600,1,NA,1
48309002700,1,NA,1
48309002800,1,NA,1
48309003000,1,NA,1
48309003200,1,NA,1
48339690700,1,1,1
48339690800,1,1,1
48339693200,1,1,1
48339693300,1,1,1
48309003300,1,NA,1
48339693500,1,1,1
48339693600,1,1,1
48339693800,1,1,1
48339694500,1,1,1
48339690100,1,1,1
48339691800,1,1,1
48365950200,NA,NA,NA
48365950500,1,NA,1
48365950100,NA,NA,NA
48365950600,1,NA,1
48365950300,1,NA,1
48365950400,1,NA,1
48187210901,1,1,1
48187210603,1,1,1
48187210902,1,1,1
48187210604,1,NA,NA
48187210504,1,1,1
48187210200,1,1,1
48187210801,1,1,1
48187210100,1,1,1
48187210400,1,1,1
48187210705,1,NA,1
48187210606,1,1,1
48405950300,1,NA,1
48405950200,1,NA,1
48405950100,1,NA,1
48455950100,1,NA,NA
48187210300,1,1,1
48453001757,1,1,1
48453001781,1,1,1
48453001864,1,1,1
48453001772,1,1,1
48453001777,1,1,1
48453001778,1,1,1
48187210706,1,NA,1
48091310300,1,1,1
48091310401,1,1,1
48091310200,1,1,1
48355005407,1,1,1
48355005408,1,1,1
48355005410,1,1,1
48355002601,1,1,1
48309003703,1,NA,NA
48309003706,1,NA,NA
48309003707,1,NA,1
48309003708,1,NA,1
48201250301,1,1,1
48201250302,1,1,1
48201251901,1,1,1
48201232302,1,1,1
48201232401,1,1,1
48201422302,1,1,1
48201422301,1,1,1
48201423402,1,1,1
48201423302,1,1,1
48201423401,1,1,1
48201431502,1,1,1
48201431301,1,1,1
48201431202,1,1,1
48201522402,1,1,1
48201522401,1,1,1
48201552302,1,1,1
48201552002,1,1,1
48201552101,1,1,1
48201552001,1,1,1
48201552103,1,1,1
48355003602,1,1,1
48355005406,1,1,1
48355005802,1,1,1
48427950101,NA,NA,NA
48427950202,NA,NA,NA
48309004201,1,NA,1
48201232402,1,1,1
48201232403,1,1,1
48201232702,1,1,1
48201233101,1,1,1
48201233003,1,1,1
48029151200,1,NA,1
48029151600,1,NA,1
48029151700,1,NA,1
48201233102,1,1,1
48201431102,1,1,1
48201431101,1,1,1
48201431402,1,1,1
48201433003,1,1,1
48201432902,1,1,1
48201432901,1,1,1
48201432802,1,1,1
48201433202,1,1,1
48201433201,1,1,1
48201433002,1,1,1
48201433502,1,1,1
48201552102,1,1,1
48201554002,1,1,1
48201554102,1,1,1
48201554101,1,1,1
48183980000,NA,NA,NA
48201554801,1,1,1
48201555401,1,1,1
48201555702,1,1,1
48201232701,1,1,1
48201233103,1,1,1
48309000200,1,NA,1
48309000300,1,NA,1
48407200101,1,1,1
48407200300,1,1,1
48309000400,1,NA,1
48407200200,1,1,1
48407200102,1,1,1
48201233702,1,1,1
48201240801,1,1,1
48201241101,1,1,1
48355002705,1,1,1
48355002704,1,1,1
48355005602,1,1,1
48355000800,1,1,1
48355002200,1,1,1
48355003202,1,1,1
48355000600,1,1,1
48355005601,1,1,1
48355006000,1,1,1
48355000700,1,1,1
48355003500,1,1,1
48355005801,1,1,1
48355002900,1,1,1
48201241102,1,1,1
48201330302,1,1,1
48201331601,1,1,1
48201333201,1,1,1
48201340301,1,1,1
48201342001,1,1,1
48201421101,1,1,1
48201423301,1,1,1
48201431201,1,1,1
48201451001,1,1,1
48201451901,1,1,1
48201452201,1,1,1
48201453401,1,1,1
48321730301,1,1,1
48321990000,1,1,1
48309004000,1,NA,1
48309004202,1,NA,1
48309000100,1,NA,1
48201453402,1,1,1
48201454301,1,1,1
48201454501,1,1,1
48167725300,1,1,1
48167725400,1,1,1
48167725500,1,1,1
48167725600,1,1,1
48167725800,1,1,1
48167725900,1,1,1
48201455101,1,1,1
48201532501,1,1,1
48193950100,1,NA,1
48193950300,1,NA,1
48193950200,1,NA,1
48493000402,1,1,1
48493000500,1,1,1
48493000201,1,NA,1
48493000600,1,NA,1
48493000202,1,NA,1
48493000300,1,NA,1
48493000102,1,1,1
48201533901,1,1,1
48201534201,1,1,1
48201551703,1,1,1
48201540501,1,1,1
48201540901,1,1,1
48245005500,1,1,1
48245005900,1,1,1
48245006100,1,1,1
48015760400,1,1,1
48015760300,1,1,1
48015760100,1,1,1
48015760200,1,1,1
48491020314,1,1,1
48491021508,1,1,1
48491020114,1,1,1
48491021601,1,1,1
48491020110,1,1,1
48491020319,1,1,1
48491020318,1,1,1
48491020317,1,1,1
48491020115,1,1,1
48491020510,1,1,1
48491020202,1,1,1
48491021603,1,1,1
48491020109,1,1,1
48491020320,1,1,1
48491020325,1,1,1
48491020321,1,1,1
48491020328,1,1,1
48201233001,1,1,1
48201233002,1,1,1
48201252301,1,1,1
48201323801,1,1,1
48201323802,1,1,1
48201433501,1,1,1
48201451403,1,1,1
48201451602,1,1,1
48201451601,1,1,1
48201541001,1,1,1
48201542101,1,1,1
48491020324,1,1,1
48245010902,1,1,1
48245010500,1,1,1
48245000101,1,1,1
48491020326,1,1,1
48491020311,1,1,1
48491020507,1,1,1
48491020506,1,1,1
48491020408,1,1,1
48491020505,1,1,1
48491020707,1,1,1
48245000102,1,1,1
48245000302,1,1,1
48245006600,1,1,1
48245000400,1,1,1
48245000500,1,1,1
48245000200,1,1,1
48245011102,1,1,1
48245011201,1,1,1
48245011202,1,1,1
48245011203,1,1,1
48245011302,1,1,1
48453001915,1,1,1
48453002425,1,1,1
48453001776,1,1,1
48453001859,1,1,1
48029191814,1,NA,NA
48029172006,1,NA,1
48491020203,1,1,1
48491020708,1,1,1
48491021602,1,1,1
48491020808,1,1,1
48463950200,NA,NA,NA
48463950100,1,NA,1
48463950500,1,NA,1
48463950400,1,NA,1
48463950300,1,NA,1
48029181822,1,NA,1
48029181818,1,NA,1
48029181821,1,NA,1
48029181724,1,NA,1
48029181723,1,NA,1
48029181726,1,NA,1
48029181721,1,NA,1
48099010503,1,NA,1
48467951000,NA,NA,NA
48467950900,NA,NA,NA
48245000700,1,1,1
48245001100,1,1,1
48245001200,1,1,1
48099010504,1,NA,1
48027023202,1,NA,1
48167724101,1,1,1
48245000600,1,1,1
48453001857,1,1,1
48453002434,1,1,1
48453002208,1,1,1
48019000102,1,NA,1
48029181720,1,NA,1
48029181826,1,NA,1
48029181824,1,NA,1
48029181823,1,NA,1
48029181901,1,NA,1
48453002431,1,1,1
48071990000,1,1,1
48029191202,1,NA,1
48029191410,1,NA,1
48029191701,1,NA,1
48029191201,1,NA,1
48029131100,1,NA,1
48029191412,1,NA,1
48029161303,1,NA,1
48029160901,1,NA,1
48021950802,1,1,1
48021950501,1,1,1
48027020202,1,NA,1
48027980001,1,NA,1
48091310608,1,NA,NA
48091310605,1,NA,NA
48029181403,1,NA,1
48183001500,NA,NA,NA
48183010500,NA,NA,NA
48183010700,NA,NA,NA
48029121119,1,NA,1
48029121121,1,NA,1
48029160501,1,NA,1
48029191005,1,NA,1
48029171915,1,NA,1
48029171921,1,NA,1
48029171923,1,NA,1
48091310607,1,NA,NA
48091310702,1,NA,1
48091310802,1,NA,NA
48091310502,1,1,1
48027020401,1,NA,1
48027023203,1,NA,1
48479001105,1,NA,1
48479001401,1,NA,1
48453002427,1,1,1
48453002317,1,1,1
48453001860,1,1,1
48453001863,1,1,1
48479001811,1,NA,1
48479001003,1,NA,1
48479001201,1,NA,1
48309004300,1,NA,NA
48479001808,1,NA,1
48479001722,1,NA,1
48021950200,1,1,1
48021950600,1,1,1
48021950100,1,1,1
48021950300,1,1,1
48479001812,1,NA,1
48479001814,1,NA,1
48479001202,1,NA,1
48479001104,1,NA,1
48021950700,1,1,1
48021950400,1,1,1
48019000200,1,NA,1
48019000300,1,NA,1
48019000400,1,NA,1
48479000109,1,NA,1
48479000108,1,NA,1
48479001815,1,NA,1
48479000602,1,NA,1
48479001402,1,NA,1
48479000904,1,NA,1
48157672601,1,1,1
48157673001,1,1,1
48157673003,1,1,1
48245006300,1,1,1
48245006400,1,1,1
48245006500,1,1,1
48245006700,1,1,1
48245006800,1,1,1
48245007001,1,1,1
48453001785,1,1,1
48453001779,1,1,1
48221160210,NA,NA,NA
48029161902,1,NA,1
48091310404,1,1,1
48091310503,1,1,1
48039660702,1,1,1
48039660602,1,1,1
48039661602,1,1,1
48039661601,1,1,1
48039660601,1,1,1
48039660701,1,1,1
48091310604,1,NA,NA
48091310403,1,1,1
48091310501,1,1,1
48453001771,1,1,1
48453000306,1,1,1
48453002211,1,1,1
48453001782,1,1,1
48453002500,1,1,1
48453001786,1,1,1
48453001858,1,1,1
48453001855,1,1,1
48453001862,1,1,1
48453002212,1,1,1
48453002436,1,1,1
48039990000,1,1,1
48029181725,1,NA,1
48029161801,1,NA,1
48029181722,1,NA,1
48029181730,1,NA,1
48029131507,1,NA,1
48029131608,1,NA,1
48245001301,1,1,1
48453002432,1,1,1
48453002435,1,1,1
48245007002,1,1,1
48245005600,1,1,1
48479001103,1,NA,1
48479001716,1,NA,1
48479001718,1,NA,1
48479001719,1,NA,1
48453001861,1,1,1
48479001601,1,NA,1
48157670102,1,1,1
48157670101,1,1,1
48157670602,1,1,1
48029121701,1,NA,1
48029121605,1,NA,1
48029131610,1,NA,1
48157671002,1,1,1
48157670901,1,1,1
48157671001,1,1,1
48157670902,1,1,1
48029131505,1,NA,1
48029131614,1,NA,1
48201240802,1,1,1
48201340201,1,1,1
48201340202,1,1,1
48201333902,1,1,1
48201333901,1,1,1
48201421102,1,1,1
48201421202,1,1,1
48201421403,1,1,1
48201421402,1,1,1
48161000300,1,NA,1
48161000200,1,NA,1
48161000100,1,NA,1
48161000700,1,NA,1
48161000900,1,NA,1
48161000600,1,NA,1
48161000400,1,NA,1
48029121904,1,NA,1
48029191808,1,NA,NA
48029191810,1,NA,NA
48029191304,1,NA,1
48029151301,1,NA,1
48201423202,1,1,1
48201423201,1,1,1
48201534203,1,1,1
48201534002,1,1,1
48201534003,1,1,1
48201543002,1,1,1
48245010200,1,1,1
48479001720,1,NA,1
48145000800,1,NA,NA
48027022104,1,NA,NA
48027020201,1,NA,1
48027021904,1,NA,1
48027022502,1,NA,1
48027022403,1,NA,1
48027020402,1,NA,NA
48479001721,1,NA,1
48221160207,NA,NA,NA
48029192100,1,NA,1
48157671602,1,1,1
48029192300,1,NA,1
48029191900,1,NA,1
48029131611,1,NA,1
48201250401,1,1,1
48201451401,1,1,1
48201451402,1,1,1
48157671601,1,1,1
48157671501,1,1,1
48157673902,1,1,1
48157672001,1,1,1
48157672002,1,1,1
48157672302,1,1,1
48201212500,1,1,1
48201324200,1,1,1
48027023106,1,NA,1
48027022404,1,NA,1
48027022501,1,NA,1
48027022105,1,NA,NA
48027023105,1,NA,1
48221160206,NA,NA,NA
48029171920,1,NA,1
48029171913,1,NA,1
48029171916,1,NA,1
48029180101,1,NA,1
48029171302,1,NA,1
48029171501,1,NA,1
48029192000,1,NA,1
48029192200,1,NA,1
48029191506,1,NA,1
48029110900,1,NA,1
48029110800,1,NA,1
48479000107,1,NA,1
48479000106,1,NA,1
48027023107,1,NA,1
48027023108,1,NA,1
48027023201,1,NA,1
48027022405,1,NA,1
48029171914,1,NA,1
48029171918,1,NA,1
48029171925,1,NA,1
48479980000,1,NA,1
48479000601,1,NA,1
48479000903,1,NA,1
48479001807,1,NA,1
48029181727,1,NA,1
48029171924,1,NA,1
48029980005,1,NA,1
48029191812,1,NA,1
48029171402,1,NA,1
48029171401,1,NA,1
48029171917,1,NA,1
48029172005,1,NA,1
48157672702,1,1,1
48157672301,1,1,1
48157673901,1,1,1
48157672602,1,1,1
48157672701,1,1,1
48029181731,1,NA,1
48029181728,1,NA,1
48029180102,1,NA,1
48029180604,1,NA,1
48029191006,1,NA,1
48029181404,1,NA,1
48029191505,1,NA,1
48491020113,1,1,1
48029172004,1,NA,1
48029181815,1,NA,1
48029181813,1,NA,1
48029121905,1,NA,NA
48029172003,1,NA,1
48029191503,1,NA,1
48029191504,1,NA,1
48029181820,1,NA,1
48029181814,1,NA,1
48029181816,1,NA,1
48029181819,1,NA,1
48339694302,1,1,1
48339694202,1,1,1
48339694102,1,1,1
48339691601,1,1,1
48355002102,1,1,1
48355003304,1,1,1
48355003102,1,1,1
48355005415,1,1,1
48355005411,1,1,1
48355005413,1,1,1
48157673002,1,1,1
48157670601,1,1,1
48157674501,1,1,1
48157674601,1,1,1
48157674603,1,1,1
48049950700,1,NA,1
48049951300,1,NA,1
48049950100,1,NA,1
48049950800,1,NA,1
48049951000,1,NA,1
48049951100,1,NA,1
48259970100,1,NA,1
48259970500,1,NA,1
48507950100,1,NA,1
48507950301,NA,NA,NA
48507950302,1,NA,1
48507950200,NA,NA,NA
48355005416,1,1,1
48021950801,1,1,1
48441013404,NA,NA,NA
48025950600,1,1,1
48025950300,1,1,1
48025950100,1,1,1
48025950400,1,1,1
48041000201,1,1,1
48209010100,1,1,1
48209010302,1,1,1
48001950901,1,NA,1
48041000101,1,1,1
48001951100,1,NA,1
48041002009,1,1,1
48041002013,1,1,1
48041002011,1,1,1
48041980000,1,1,1
48005000902,1,NA,1
48005000301,1,NA,1
48187210804,1,NA,NA
48187210507,1,1,1
48187210803,1,1,1
48187210714,1,NA,NA
48187210505,1,1,1
48281950302,1,NA,1
48457950200,1,1,1
48201533701,1,1,1
48201223002,1,1,1
48201980100,1,1,1
48201250402,1,1,1
48201232301,1,1,1
48469001606,1,1,1
48469980000,1,1,1
48479001806,1,NA,1
48479001813,1,NA,1
48479001810,1,NA,1
48479001818,1,NA,1
48479001717,1,NA,1
48479001710,NA,NA,NA
48479000105,1,NA,1
48479001715,1,NA,1
48479001712,1,NA,1
48479001711,1,NA,1
48479001602,1,NA,1
48479001816,1,NA,1
48479001713,1,NA,1
48479001809,1,NA,1
48479001817,1,NA,1
48479001714,1,NA,1
48339690202,1,1,1
48339690402,1,1,1
48339690201,1,1,1
48339690401,1,1,1
48339690602,1,1,1
48339691301,1,1,1
48339692002,1,1,1
48339692001,1,1,1
48339692602,1,1,1
48339693101,1,1,1
48339692802,1,1,1
48339694301,1,1,1
48339694201,1,1,1
48339694101,1,1,1
48339690601,1,1,1
48339692601,1,1,1
48167720302,1,1,1
48471790103,1,1,1
48471790101,1,NA,NA
48471790102,1,1,1
48039663800,1,1,1
48039663900,1,1,1
48039664200,1,1,1
48309001600,1,NA,1
48309001900,1,NA,1
48039660200,1,1,1
48071710200,1,1,1
48071710300,1,1,1
48071710401,1,1,1
48071710500,1,1,1
48071710600,1,1,1
48071710100,1,1,1
48091310801,1,NA,1
48091310703,1,NA,1
48355000500,1,1,1
48355002301,1,1,1
48355002303,1,1,1
48355002304,1,1,1
48099980000,1,NA,1
48099010202,1,NA,1
48099010603,1,NA,1
48099010604,1,NA,1
48355002400,1,1,1
48039660802,1,1,1
48039660801,1,1,1
48039661502,1,1,1
48039661501,1,1,1
48355000900,1,1,1
48355001000,1,1,1
48355001100,1,1,1
48355001200,1,1,1
48355002500,1,1,1
48355002703,1,1,1
48355005417,1,1,1
48355006100,1,1,1
48355005900,1,1,1
48185180301,1,1,1
48309000900,1,NA,1
48309001100,1,NA,1
48309000700,1,NA,1
48309000800,1,NA,1
48309001200,1,NA,1
48309001300,1,NA,1
48355001500,1,1,1
48355001300,1,1,1
48355001400,1,1,1
48471790600,1,1,1
48471790700,1,1,1
48471790800,1,1,1
48355001601,1,1,1
48355001602,1,1,1
48355001801,1,1,1
48355003401,1,1,1
48309001400,1,NA,1
48309001500,1,NA,1
48149970500,1,1,1
48149970200,1,1,1
48149970600,1,1,1
48149970300,1,1,1
48149970700,1,1,1
48149970100,1,1,1
48149970400,1,1,1
48395960500,1,1,1
48395960300,1,NA,NA
48395960400,1,NA,NA
48177000600,1,1,1
48177000100,1,1,1
48355003402,1,1,1
48355003601,1,1,1
48395960100,1,NA,NA
48395960200,1,NA,NA
48355001802,1,1,1
48479001300,1,NA,1
48355003603,1,1,1
48355005102,1,1,1
48479001502,1,NA,1
48479001706,1,NA,1
48479001709,1,NA,1
48145000400,1,NA,NA
48145000700,1,NA,NA
48145000200,1,NA,NA
48145000500,1,NA,NA
48145000300,1,NA,NA
48157670500,1,1,1
48157671100,1,1,1
48157671200,1,1,1
48157671300,1,1,1
48093950100,1,NA,1
48093950200,1,NA,1
48093950400,1,NA,1
48093950300,1,NA,1
48355001902,1,1,1
48469000800,1,1,1
48469000700,1,1,1
48469001400,1,1,1
48469000502,1,1,1
48469001300,1,1,1
48469001700,1,1,1
48469000100,1,1,1
48177000500,1,1,1
48177000200,1,1,1
48177000400,1,1,1
48177000300,1,1,1
48479001101,1,NA,1
48157671700,1,1,1
48157671800,1,1,1
48157671900,1,1,1
48157672100,1,1,1
48157672200,1,1,1
48157672400,1,1,1
48157672500,1,1,1
48157672800,1,1,1
48157672900,1,1,1
48099010400,1,NA,1
48099010802,1,NA,1
48099010701,1,NA,1
48157674502,1,1,1
48157674602,1,1,1
48157671502,1,1,1
48157674604,1,1,1
48157673500,1,1,1
48157673600,1,1,1
48441012802,NA,NA,NA
48073950100,1,NA,1
48073950700,1,NA,1
48073951000,1,NA,1
48073950500,1,NA,1
48073950400,1,NA,1
48073950600,1,NA,1
48073950900,1,NA,1
48073950200,1,NA,1
48073950300,1,NA,1
48073951100,1,NA,1
48029141402,1,NA,1
48029141600,1,NA,1
48029141700,1,NA,1
48029150100,1,NA,1
48441012801,NA,NA,NA
48029150300,1,NA,1
48029150400,1,NA,1
48029150501,1,NA,1
48029150502,1,NA,1
48029150600,1,NA,1
48029150700,1,NA,1
48029150800,1,NA,1
48029150900,1,NA,1
48029151000,1,NA,1
48325000200,1,NA,1
48325000300,1,NA,1
48325000500,1,NA,1
48325000800,1,NA,1
48027020500,1,NA,NA
48027020701,1,NA,NA
48027020702,1,NA,1
48027020900,1,NA,NA
48027021000,1,NA,NA
48027021100,1,NA,NA
48493000403,1,NA,1
48041000300,1,1,1
48041001302,1,1,1
48041002002,1,1,1
48041000500,1,1,1
48041001801,1,1,1
48441012900,NA,NA,NA
48441013600,NA,NA,NA
48441013401,NA,NA,NA
48441013200,NA,NA,NA
48027020100,1,NA,NA
48027021602,1,NA,NA
48027020300,1,NA,NA
48027020800,1,NA,NA
48027021400,1,NA,NA
48027020600,1,NA,1
48027021302,1,NA,NA
48027023402,1,NA,NA
48027022801,1,NA,1
48027023300,1,NA,1
48027022402,1,NA,1
48027021800,1,NA,NA
48027021203,1,NA,NA
48027021500,1,NA,NA
48027021303,1,NA,NA
48027022000,1,NA,NA
48027021601,1,NA,NA
48027021700,1,NA,NA
48441010900,NA,NA,NA
48041000400,1,1,1
48041000603,1,1,1
48041000604,1,1,1
48041000700,1,1,1
48041000800,1,1,1
48441011400,NA,NA,NA
48041000900,1,1,1
48041001000,1,1,1
48041001100,1,1,1
48441011500,NA,NA,NA
48441011600,NA,NA,NA
48441011900,NA,NA,NA
48441012000,NA,NA,NA
48441012100,NA,NA,NA
48441012200,NA,NA,NA
48441012300,NA,NA,NA
48441012400,NA,NA,NA
48453001856,1,1,1
48481740600,1,1,1
48481740700,1,1,1
48481740200,1,1,1
48481740100,1,1,1
48481740400,1,1,1
48481740900,1,1,1
48441012500,NA,NA,NA
48441012600,NA,NA,NA
48441012700,NA,NA,NA
48441013000,NA,NA,NA
48441013100,NA,NA,NA
48491020703,1,1,1
48491020704,1,1,1
48491021100,1,1,1
48491021201,1,1,1
48491021202,1,1,1
48491021203,1,1,1
48001950401,1,NA,1
48001950902,1,NA,1
48001950402,1,NA,1
48411950200,1,NA,1
48411950100,1,NA,1
48491020701,1,1,1
48491021402,1,1,1
48491021403,1,1,1
48491021503,1,1,1
48221160205,NA,NA,NA
48221160302,NA,NA,NA
48221160209,NA,NA,NA
48257051300,NA,NA,NA
48257050800,NA,NA,NA
48453002112,1,1,1
48453002113,1,1,1
48453002201,1,1,1
48167722900,1,1,1
48167723100,1,1,1
48167723200,1,1,1
48167723300,1,1,1
48167723000,1,1,1
48167721500,1,1,1
48453002202,1,1,1
48453980000,1,1,1
48453002304,1,1,1
48453002308,1,1,1
48453002312,1,1,1
48453002314,1,1,1
48453002316,1,1,1
48249950100,1,NA,NA
48249950300,1,1,1
48249950700,1,NA,1
48249950200,1,NA,NA
48249950400,1,1,1
48249950500,1,1,1
48249950600,1,1,1
48031950100,1,NA,1
48035950500,1,NA,1
48031950200,1,NA,1
48167720800,1,1,1
48167726000,1,1,1
48167721900,1,1,1
48167722800,1,1,1
48167723400,1,1,1
48167721600,1,1,1
48167720600,1,1,1
48167723800,1,1,1
48167726100,1,1,1
48167720100,1,1,1
48167724900,1,1,1
48167720200,1,1,1
48167722200,1,1,1
48167723600,1,1,1
48167723900,1,1,1
48167725700,1,1,1
48167721800,1,1,1
48167724200,1,1,1
48453002403,1,1,1
48453002409,1,1,1
48453002410,1,1,1
48453002411,1,1,1
48453002412,1,1,1
48453002413,1,1,1
48453002419,1,1,1
48323950201,NA,NA,NA
48095950300,NA,NA,NA
48409010602,1,1,1
48409010604,1,1,1
48409010800,1,1,1
48143950700,1,NA,1
48143950300,1,NA,1
48143950500,1,NA,1
48143950600,1,NA,1
48143950400,1,NA,1
48143950100,NA,NA,NA
48453002422,1,1,1
48453002423,1,1,1
48453002424,1,1,1
48453001742,1,1,1
48453001760,1,1,1
48453001826,1,1,1
48453002310,1,1,1
48491020302,1,1,1
48491020301,1,1,1
48491020310,1,1,1
48491020900,1,1,1
48491021300,1,1,1
48491021502,1,1,1
48491021000,1,1,1
48491021401,1,1,1
